File Name,label,tempo,rhythm,rest,num of pitch
wav_AAbG987.wav,"['A', 'Ab', 'G']",120,"['white', 'white', 'white']","['half rest', 'half rest', 'half rest']",3
wav_FDC520.wav,"['F', 'D', 'C']",80,"['white', 'white', 'white']","['half rest', 'half rest', 'half rest']",3
wav_FAF#596.wav,"['F', 'A', 'F#']",80,"['white', 'white', 'white']","['half rest', 'half rest', 'half rest']",3
wav_EbEBb3410.wav,"['Eb', 'E', 'Bb']",80,"['white', 'white', 'white']","['half rest', 'half rest', 'half rest']",3
wav_F#BbA6109.wav,"['F#', 'Bb', 'A']",100,"['white', 'white', 'white']","['half rest', 'half rest', 'half rest']",3
wav_EGC470.wav,"['E', 'G', 'C']",120,"['white', 'white', 'white']","['half rest', 'half rest', 'half rest']",3
wav_EbAbBb3810.wav,"['Eb', 'Ab', 'Bb']",100,"['white', 'white', 'white']","['half rest', 'half rest', 'half rest']",3
wav_BC#D1112.wav,"['B', 'C#', 'D']",100,"['white', 'white', 'white']","['half rest', 'half rest', 'half rest']",3
wav_F#EA649.wav,"['F#', 'E', 'A']",160,"['white', 'white', 'white']","['half rest', 'half rest', 'half rest']",3
wav_GBbF#7106.wav,"['G', 'Bb', 'F#']",140,"['white', 'white', 'white']","['half rest', 'half rest', 'half rest']",3
wav_BC#C#1111.wav,"['B', 'C#', 'C#']",80,"['white', 'white', 'white']","['half rest', 'half rest', 'half rest']",3
wav_AbCC#801.wav,"['Ab', 'C', 'C#']",160,"['white', 'white', 'white']","['half rest', 'half rest', 'half rest']",3
wav_GEbG737.wav,"['G', 'Eb', 'G']",120,"['white', 'white', 'white']","['half rest', 'half rest', 'half rest']",3
wav_AEbEb933.wav,"['A', 'Eb', 'Eb']",80,"['white', 'white', 'white']","['half rest', 'half rest', 'half rest']",3
wav_EBB41111.wav,"['E', 'B', 'B']",160,"['white', 'white', 'white']","['half rest', 'half rest', 'half rest']",3
wav_CDAb028.wav,"['C', 'D', 'Ab']",160,"['white', 'white', 'white']","['half rest', 'half rest', 'half rest']",3
wav_C#GAb178.wav,"['C#', 'G', 'Ab']",100,"['white', 'white', 'white']","['half rest', 'half rest', 'half rest']",3
wav_BbF#E1064.wav,"['Bb', 'F#', 'E']",100,"['white', 'white', 'white']","['half rest', 'half rest', 'half rest']",3
wav_C#F#Eb163.wav,"['C#', 'F#', 'Eb']",140,"['white', 'white', 'white']","['half rest', 'half rest', 'half rest']",3
wav_AbCB8011.wav,"['Ab', 'C', 'B']",160,"['white', 'white', 'white']","['half rest', 'half rest', 'half rest']",3
wav_BbFE1054.wav,"['Bb', 'F', 'E']",120,"['white', 'white', 'white']","['half rest', 'half rest', 'half rest']",3
wav_CFD052.wav,"['C', 'F', 'D']",140,"['white', 'white', 'white']","['half rest', 'half rest', 'half rest']",3
wav_DBF2115.wav,"['D', 'B', 'F']",120,"['white', 'white', 'white']","['half rest', 'half rest', 'half rest']",3
wav_DAF295.wav,"['D', 'A', 'F']",140,"['white', 'white', 'white']","['half rest', 'half rest', 'half rest']",3
wav_EDB4211.wav,"['E', 'D', 'B']",140,"['white', 'white', 'white']","['half rest', 'half rest', 'half rest']",3
wav_EEBF44115.wav,"['E', 'E', 'B', 'F']",160,"['white', 'white', 'white']","['half rest', 'half rest', 'half rest', 'half rest']",4
wav_F#EbDF#6326.wav,"['F#', 'Eb', 'D', 'F#']",120,"['white', 'white', 'white']","['half rest', 'half rest', 'half rest', 'half rest']",4
wav_AEABb94910.wav,"['A', 'E', 'A', 'Bb']",160,"['white', 'white', 'white']","['half rest', 'half rest', 'half rest', 'half rest']",4
wav_AbADF8925.wav,"['Ab', 'A', 'D', 'F']",120,"['white', 'white', 'white']","['half rest', 'half rest', 'half rest', 'half rest']",4
wav_F#DCD6202.wav,"['F#', 'D', 'C', 'D']",80,"['white', 'white', 'white']","['half rest', 'half rest', 'half rest', 'half rest']",4
wav_BGFC11750.wav,"['B', 'G', 'F', 'C']",140,"['white', 'white', 'white']","['half rest', 'half rest', 'half rest', 'half rest']",4
wav_BDEB112411.wav,"['B', 'D', 'E', 'B']",140,"['white', 'white', 'white']","['half rest', 'half rest', 'half rest', 'half rest']",4
wav_EbBFC31150.wav,"['Eb', 'B', 'F', 'C']",140,"['white', 'white', 'white']","['half rest', 'half rest', 'half rest', 'half rest']",4
wav_C#AbC#A1819.wav,"['C#', 'Ab', 'C#', 'A']",120,"['white', 'white', 'white']","['half rest', 'half rest', 'half rest', 'half rest']",4
wav_FEbBC#53111.wav,"['F', 'Eb', 'B', 'C#']",160,"['white', 'white', 'white']","['half rest', 'half rest', 'half rest', 'half rest']",4
wav_AbFBbD85102.wav,"['Ab', 'F', 'Bb', 'D']",100,"['white', 'white', 'white']","['half rest', 'half rest', 'half rest', 'half rest']",4
wav_C#GAbG1787.wav,"['C#', 'G', 'Ab', 'G']",160,"['white', 'white', 'white']","['half rest', 'half rest', 'half rest', 'half rest']",4
wav_ECGA4079.wav,"['E', 'C', 'G', 'A']",80,"['white', 'white', 'white']","['half rest', 'half rest', 'half rest', 'half rest']",4
wav_BbAbCEb10803.wav,"['Bb', 'Ab', 'C', 'Eb']",140,"['white', 'white', 'white']","['half rest', 'half rest', 'half rest', 'half rest']",4
wav_FCF#F#5066.wav,"['F', 'C', 'F#', 'F#']",100,"['white', 'white', 'white']","['half rest', 'half rest', 'half rest', 'half rest']",4
wav_EbAGEb3973.wav,"['Eb', 'A', 'G', 'Eb']",80,"['white', 'white', 'white']","['half rest', 'half rest', 'half rest', 'half rest']",4
wav_ABbAbG91087.wav,"['A', 'Bb', 'Ab', 'G']",80,"['white', 'white', 'white']","['half rest', 'half rest', 'half rest', 'half rest']",4
wav_CBEbAb01138.wav,"['C', 'B', 'Eb', 'Ab']",80,"['white', 'white', 'white']","['half rest', 'half rest', 'half rest', 'half rest']",4
wav_BbC#BbAb101108.wav,"['Bb', 'C#', 'Bb', 'Ab']",120,"['white', 'white', 'white']","['half rest', 'half rest', 'half rest', 'half rest']",4
wav_CFEbBb05310.wav,"['C', 'F', 'Eb', 'Bb']",120,"['white', 'white', 'white']","['half rest', 'half rest', 'half rest', 'half rest']",4
wav_DBbF#C#21061.wav,"['D', 'Bb', 'F#', 'C#']",160,"['white', 'white', 'white']","['half rest', 'half rest', 'half rest', 'half rest']",4
wav_GC#C#B71111.wav,"['G', 'C#', 'C#', 'B']",100,"['white', 'white', 'white']","['half rest', 'half rest', 'half rest', 'half rest']",4
wav_DF#AE2694.wav,"['D', 'F#', 'A', 'E']",140,"['white', 'white', 'white']","['half rest', 'half rest', 'half rest', 'half rest']",4
wav_GF#EE7644.wav,"['G', 'F#', 'E', 'E']",100,"['white', 'white', 'white']","['half rest', 'half rest', 'half rest', 'half rest']",4
wav_CGAbC0780.wav,"['C', 'G', 'Ab', 'C']",100,"['white', 'white', 'white']","['half rest', 'half rest', 'half rest', 'half rest']",4
wav_FBCDG511027.wav,"['F', 'B', 'C', 'D', 'G']",80,"['white', 'white', 'white']","['half rest', 'half rest', 'half rest', 'half rest', 'half rest']",5
wav_EABDC491120.wav,"['E', 'A', 'B', 'D', 'C']",140,"['white', 'white', 'white']","['half rest', 'half rest', 'half rest', 'half rest', 'half rest']",5
wav_GGBbAEb771093.wav,"['G', 'G', 'Bb', 'A', 'Eb']",140,"['white', 'white', 'white']","['half rest', 'half rest', 'half rest', 'half rest', 'half rest']",5
wav_F#BbAAB6109911.wav,"['F#', 'Bb', 'A', 'A', 'B']",80,"['white', 'white', 'white']","['half rest', 'half rest', 'half rest', 'half rest', 'half rest']",5
wav_FDBCBb5211010.wav,"['F', 'D', 'B', 'C', 'Bb']",80,"['white', 'white', 'white']","['half rest', 'half rest', 'half rest', 'half rest', 'half rest']",5
wav_AbF#EbF#Eb86363.wav,"['Ab', 'F#', 'Eb', 'F#', 'Eb']",160,"['white', 'white', 'white']","['half rest', 'half rest', 'half rest', 'half rest', 'half rest']",5
wav_EBbECAb410408.wav,"['E', 'Bb', 'E', 'C', 'Ab']",140,"['white', 'white', 'white']","['half rest', 'half rest', 'half rest', 'half rest', 'half rest']",5
wav_BF#CFAb116058.wav,"['B', 'F#', 'C', 'F', 'Ab']",140,"['white', 'white', 'white']","['half rest', 'half rest', 'half rest', 'half rest', 'half rest']",5
wav_C#C#EF#B114611.wav,"['C#', 'C#', 'E', 'F#', 'B']",80,"['white', 'white', 'white']","['half rest', 'half rest', 'half rest', 'half rest', 'half rest']",5
wav_EbBDEG311247.wav,"['Eb', 'B', 'D', 'E', 'G']",140,"['white', 'white', 'white']","['half rest', 'half rest', 'half rest', 'half rest', 'half rest']",5
wav_CDDBF022115.wav,"['C', 'D', 'D', 'B', 'F']",160,"['white', 'white', 'white']","['half rest', 'half rest', 'half rest', 'half rest', 'half rest']",5
wav_BbEBbBbBb104101010.wav,"['Bb', 'E', 'Bb', 'Bb', 'Bb']",80,"['white', 'white', 'white']","['half rest', 'half rest', 'half rest', 'half rest', 'half rest']",5
wav_F#EEbEbC#64331.wav,"['F#', 'E', 'Eb', 'Eb', 'C#']",160,"['white', 'white', 'white']","['half rest', 'half rest', 'half rest', 'half rest', 'half rest']",5
wav_AbGGEA87749.wav,"['Ab', 'G', 'G', 'E', 'A']",100,"['white', 'white', 'white']","['half rest', 'half rest', 'half rest', 'half rest', 'half rest']",5
wav_GFGFF#75756.wav,"['G', 'F', 'G', 'F', 'F#']",160,"['white', 'white', 'white']","['half rest', 'half rest', 'half rest', 'half rest', 'half rest']",5
wav_BAF#C#F#119616.wav,"['B', 'A', 'F#', 'C#', 'F#']",120,"['white', 'white', 'white']","['half rest', 'half rest', 'half rest', 'half rest', 'half rest']",5
wav_DC#C#EbF21135.wav,"['D', 'C#', 'C#', 'Eb', 'F']",100,"['white', 'white', 'white']","['half rest', 'half rest', 'half rest', 'half rest', 'half rest']",5
wav_ACFBD905112.wav,"['A', 'C', 'F', 'B', 'D']",100,"['white', 'white', 'white']","['half rest', 'half rest', 'half rest', 'half rest', 'half rest']",5
wav_BbEbFAbD103582.wav,"['Bb', 'Eb', 'F', 'Ab', 'D']",100,"['white', 'white', 'white']","['half rest', 'half rest', 'half rest', 'half rest', 'half rest']",5
wav_CAbAAbC#08981.wav,"['C', 'Ab', 'A', 'Ab', 'C#']",120,"['white', 'white', 'white']","['half rest', 'half rest', 'half rest', 'half rest', 'half rest']",5
wav_AAbC#GA98179.wav,"['A', 'Ab', 'C#', 'G', 'A']",100,"['white', 'white', 'white']","['half rest', 'half rest', 'half rest', 'half rest', 'half rest']",5
wav_EbFF#BbE356104.wav,"['Eb', 'F', 'F#', 'Bb', 'E']",120,"['white', 'white', 'white']","['half rest', 'half rest', 'half rest', 'half rest', 'half rest']",5
wav_C#EbAbC#C13810.wav,"['C#', 'Eb', 'Ab', 'C#', 'C']",120,"['white', 'white', 'white']","['half rest', 'half rest', 'half rest', 'half rest', 'half rest']",5
wav_DCAbGE20874.wav,"['D', 'C', 'Ab', 'G', 'E']",160,"['white', 'white', 'white']","['half rest', 'half rest', 'half rest', 'half rest', 'half rest']",5
wav_AbBbAbFA810859.wav,"['Ab', 'Bb', 'Ab', 'F', 'A']",120,"['white', 'white', 'white']","['half rest', 'half rest', 'half rest', 'half rest', 'half rest']",5
wav_EbFFBAE3551194.wav,"['Eb', 'F', 'F', 'B', 'A', 'E']",80,"['white', 'white', 'white']","['half rest', 'half rest', 'half rest', 'half rest', 'half rest', 'half rest']",6
wav_EbFAbAEbE358934.wav,"['Eb', 'F', 'Ab', 'A', 'Eb', 'E']",80,"['white', 'white', 'white']","['half rest', 'half rest', 'half rest', 'half rest', 'half rest', 'half rest']",6
wav_DDEbEbAbF223385.wav,"['D', 'D', 'Eb', 'Eb', 'Ab', 'F']",160,"['white', 'white', 'white']","['half rest', 'half rest', 'half rest', 'half rest', 'half rest', 'half rest']",6
wav_C#F#BbCDC1610020.wav,"['C#', 'F#', 'Bb', 'C', 'D', 'C']",120,"['white', 'white', 'white']","['half rest', 'half rest', 'half rest', 'half rest', 'half rest', 'half rest']",6
wav_BAFAbBB119581111.wav,"['B', 'A', 'F', 'Ab', 'B', 'B']",160,"['white', 'white', 'white']","['half rest', 'half rest', 'half rest', 'half rest', 'half rest', 'half rest']",6
wav_BbAbBF#DA10811629.wav,"['Bb', 'Ab', 'B', 'F#', 'D', 'A']",120,"['white', 'white', 'white']","['half rest', 'half rest', 'half rest', 'half rest', 'half rest', 'half rest']",6
wav_C#AbBDFA1811259.wav,"['C#', 'Ab', 'B', 'D', 'F', 'A']",160,"['white', 'white', 'white']","['half rest', 'half rest', 'half rest', 'half rest', 'half rest', 'half rest']",6
wav_F#AC#C#AbEb691183.wav,"['F#', 'A', 'C#', 'C#', 'Ab', 'Eb']",80,"['white', 'white', 'white']","['half rest', 'half rest', 'half rest', 'half rest', 'half rest', 'half rest']",6
wav_FEbBbEbED5310342.wav,"['F', 'Eb', 'Bb', 'Eb', 'E', 'D']",140,"['white', 'white', 'white']","['half rest', 'half rest', 'half rest', 'half rest', 'half rest', 'half rest']",6
wav_GGGCEBb7770410.wav,"['G', 'G', 'G', 'C', 'E', 'Bb']",80,"['white', 'white', 'white']","['half rest', 'half rest', 'half rest', 'half rest', 'half rest', 'half rest']",6
wav_GF#DBbCF#7621006.wav,"['G', 'F#', 'D', 'Bb', 'C', 'F#']",140,"['white', 'white', 'white']","['half rest', 'half rest', 'half rest', 'half rest', 'half rest', 'half rest']",6
wav_CBEBFF01141155.wav,"['C', 'B', 'E', 'B', 'F', 'F']",100,"['white', 'white', 'white']","['half rest', 'half rest', 'half rest', 'half rest', 'half rest', 'half rest']",6
wav_F#BbF#AC#Bb61069110.wav,"['F#', 'Bb', 'F#', 'A', 'C#', 'Bb']",140,"['white', 'white', 'white']","['half rest', 'half rest', 'half rest', 'half rest', 'half rest', 'half rest']",6
wav_ECGEC#C#407411.wav,"['E', 'C', 'G', 'E', 'C#', 'C#']",160,"['white', 'white', 'white']","['half rest', 'half rest', 'half rest', 'half rest', 'half rest', 'half rest']",6
wav_CEC#C#GB0411711.wav,"['C', 'E', 'C#', 'C#', 'G', 'B']",140,"['white', 'white', 'white']","['half rest', 'half rest', 'half rest', 'half rest', 'half rest', 'half rest']",6
wav_DEDF#CG242607.wav,"['D', 'E', 'D', 'F#', 'C', 'G']",120,"['white', 'white', 'white']","['half rest', 'half rest', 'half rest', 'half rest', 'half rest', 'half rest']",6
wav_AbBEbDGC8113270.wav,"['Ab', 'B', 'Eb', 'D', 'G', 'C']",160,"['white', 'white', 'white']","['half rest', 'half rest', 'half rest', 'half rest', 'half rest', 'half rest']",6
wav_AEbAbBbBbD93810102.wav,"['A', 'Eb', 'Ab', 'Bb', 'Bb', 'D']",120,"['white', 'white', 'white']","['half rest', 'half rest', 'half rest', 'half rest', 'half rest', 'half rest']",6
wav_AbDAAbF#Eb829863.wav,"['Ab', 'D', 'A', 'Ab', 'F#', 'Eb']",140,"['white', 'white', 'white']","['half rest', 'half rest', 'half rest', 'half rest', 'half rest', 'half rest']",6
wav_FGAFBG5795117.wav,"['F', 'G', 'A', 'F', 'B', 'G']",120,"['white', 'white', 'white']","['half rest', 'half rest', 'half rest', 'half rest', 'half rest', 'half rest']",6
wav_BC#F#FEbF#1116536.wav,"['B', 'C#', 'F#', 'F', 'Eb', 'F#']",100,"['white', 'white', 'white']","['half rest', 'half rest', 'half rest', 'half rest', 'half rest', 'half rest']",6
wav_ACEGBbC#9047101.wav,"['A', 'C', 'E', 'G', 'Bb', 'C#']",100,"['white', 'white', 'white']","['half rest', 'half rest', 'half rest', 'half rest', 'half rest', 'half rest']",6
wav_EC#CEF#Ab410468.wav,"['E', 'C#', 'C', 'E', 'F#', 'Ab']",100,"['white', 'white', 'white']","['half rest', 'half rest', 'half rest', 'half rest', 'half rest', 'half rest']",6
wav_BbBbCGAAb10100798.wav,"['Bb', 'Bb', 'C', 'G', 'A', 'Ab']",80,"['white', 'white', 'white']","['half rest', 'half rest', 'half rest', 'half rest', 'half rest', 'half rest']",6
wav_EbFF#DEbF#356236.wav,"['Eb', 'F', 'F#', 'D', 'Eb', 'F#']",100,"['white', 'white', 'white']","['half rest', 'half rest', 'half rest', 'half rest', 'half rest', 'half rest']",6
wav_F#BbDDEFAb61022458.wav,"['F#', 'Bb', 'D', 'D', 'E', 'F', 'Ab']",100,"['white', 'white', 'white']","['half rest', 'half rest', 'half rest', 'half rest', 'half rest', 'half rest', 'half rest']",7
wav_AbF#CAEbABb86093910.wav,"['Ab', 'F#', 'C', 'A', 'Eb', 'A', 'Bb']",140,"['white', 'white', 'white']","['half rest', 'half rest', 'half rest', 'half rest', 'half rest', 'half rest', 'half rest']",7
wav_DEAC#BbC#B249110111.wav,"['D', 'E', 'A', 'C#', 'Bb', 'C#', 'B']",80,"['white', 'white', 'white']","['half rest', 'half rest', 'half rest', 'half rest', 'half rest', 'half rest', 'half rest']",7
wav_BbADABbFE109291054.wav,"['Bb', 'A', 'D', 'A', 'Bb', 'F', 'E']",160,"['white', 'white', 'white']","['half rest', 'half rest', 'half rest', 'half rest', 'half rest', 'half rest', 'half rest']",7
wav_EDAAbC#EbE4298134.wav,"['E', 'D', 'A', 'Ab', 'C#', 'Eb', 'E']",100,"['white', 'white', 'white']","['half rest', 'half rest', 'half rest', 'half rest', 'half rest', 'half rest', 'half rest']",7
wav_F#FCBAEbD65011932.wav,"['F#', 'F', 'C', 'B', 'A', 'Eb', 'D']",160,"['white', 'white', 'white']","['half rest', 'half rest', 'half rest', 'half rest', 'half rest', 'half rest', 'half rest']",7
wav_GEBBbBEEb7411101143.wav,"['G', 'E', 'B', 'Bb', 'B', 'E', 'Eb']",160,"['white', 'white', 'white']","['half rest', 'half rest', 'half rest', 'half rest', 'half rest', 'half rest', 'half rest']",7
wav_DC#EbDFBF#21325116.wav,"['D', 'C#', 'Eb', 'D', 'F', 'B', 'F#']",120,"['white', 'white', 'white']","['half rest', 'half rest', 'half rest', 'half rest', 'half rest', 'half rest', 'half rest']",7
wav_C#EbFBBBBb13511111110.wav,"['C#', 'Eb', 'F', 'B', 'B', 'B', 'Bb']",80,"['white', 'white', 'white']","['half rest', 'half rest', 'half rest', 'half rest', 'half rest', 'half rest', 'half rest']",7
wav_BbC#F#CC#C#C10160110.wav,"['Bb', 'C#', 'F#', 'C', 'C#', 'C#', 'C']",160,"['white', 'white', 'white']","['half rest', 'half rest', 'half rest', 'half rest', 'half rest', 'half rest', 'half rest']",7
wav_FEbEF#F#AD5346692.wav,"['F', 'Eb', 'E', 'F#', 'F#', 'A', 'D']",160,"['white', 'white', 'white']","['half rest', 'half rest', 'half rest', 'half rest', 'half rest', 'half rest', 'half rest']",7
wav_AbBFF#GF#G81156767.wav,"['Ab', 'B', 'F', 'F#', 'G', 'F#', 'G']",80,"['white', 'white', 'white']","['half rest', 'half rest', 'half rest', 'half rest', 'half rest', 'half rest', 'half rest']",7
wav_EbFECGGC#3540771.wav,"['Eb', 'F', 'E', 'C', 'G', 'G', 'C#']",100,"['white', 'white', 'white']","['half rest', 'half rest', 'half rest', 'half rest', 'half rest', 'half rest', 'half rest']",7
wav_C#DC#BbF#GF12110675.wav,"['C#', 'D', 'C#', 'Bb', 'F#', 'G', 'F']",120,"['white', 'white', 'white']","['half rest', 'half rest', 'half rest', 'half rest', 'half rest', 'half rest', 'half rest']",7
wav_FCGEbAF#Eb5073963.wav,"['F', 'C', 'G', 'Eb', 'A', 'F#', 'Eb']",140,"['white', 'white', 'white']","['half rest', 'half rest', 'half rest', 'half rest', 'half rest', 'half rest', 'half rest']",7
wav_ABC#GFBbG911175107.wav,"['A', 'B', 'C#', 'G', 'F', 'Bb', 'G']",140,"['white', 'white', 'white']","['half rest', 'half rest', 'half rest', 'half rest', 'half rest', 'half rest', 'half rest']",7
wav_GCGEbCDC7073020.wav,"['G', 'C', 'G', 'Eb', 'C', 'D', 'C']",80,"['white', 'white', 'white']","['half rest', 'half rest', 'half rest', 'half rest', 'half rest', 'half rest', 'half rest']",7
wav_BBbBGECC#1110117401.wav,"['B', 'Bb', 'B', 'G', 'E', 'C', 'C#']",100,"['white', 'white', 'white']","['half rest', 'half rest', 'half rest', 'half rest', 'half rest', 'half rest', 'half rest']",7
wav_EABbFAbEB491058411.wav,"['E', 'A', 'Bb', 'F', 'Ab', 'E', 'B']",80,"['white', 'white', 'white']","['half rest', 'half rest', 'half rest', 'half rest', 'half rest', 'half rest', 'half rest']",7
wav_AF#F#EDCF9664205.wav,"['A', 'F#', 'F#', 'E', 'D', 'C', 'F']",140,"['white', 'white', 'white']","['half rest', 'half rest', 'half rest', 'half rest', 'half rest', 'half rest', 'half rest']",7
wav_EbAbBbC#AbDF#38101826.wav,"['Eb', 'Ab', 'Bb', 'C#', 'Ab', 'D', 'F#']",100,"['white', 'white', 'white']","['half rest', 'half rest', 'half rest', 'half rest', 'half rest', 'half rest', 'half rest']",7
wav_BAbAbFDBbA118852109.wav,"['B', 'Ab', 'Ab', 'F', 'D', 'Bb', 'A']",120,"['white', 'white', 'white']","['half rest', 'half rest', 'half rest', 'half rest', 'half rest', 'half rest', 'half rest']",7
wav_CGEbECAbA0734089.wav,"['C', 'G', 'Eb', 'E', 'C', 'Ab', 'A']",140,"['white', 'white', 'white']","['half rest', 'half rest', 'half rest', 'half rest', 'half rest', 'half rest', 'half rest']",7
wav_CGAbAbEbAbAb0788388.wav,"['C', 'G', 'Ab', 'Ab', 'Eb', 'Ab', 'Ab']",120,"['white', 'white', 'white']","['half rest', 'half rest', 'half rest', 'half rest', 'half rest', 'half rest', 'half rest']",7
wav_F#BbEEBbCC#610441001.wav,"['F#', 'Bb', 'E', 'E', 'Bb', 'C', 'C#']",120,"['white', 'white', 'white']","['half rest', 'half rest', 'half rest', 'half rest', 'half rest', 'half rest', 'half rest']",7
wav_AbC#AbCBF#EG818011647.wav,"['Ab', 'C#', 'Ab', 'C', 'B', 'F#', 'E', 'G']",100,"['white', 'white', 'white']","['half rest', 'half rest', 'half rest', 'half rest', 'half rest', 'half rest', 'half rest', 'half rest']",8
wav_EbEDDFBbFA342251059.wav,"['Eb', 'E', 'D', 'D', 'F', 'Bb', 'F', 'A']",120,"['white', 'white', 'white']","['half rest', 'half rest', 'half rest', 'half rest', 'half rest', 'half rest', 'half rest', 'half rest']",8
wav_BbAC#AbC#DF#C#109181261.wav,"['Bb', 'A', 'C#', 'Ab', 'C#', 'D', 'F#', 'C#']",120,"['white', 'white', 'white']","['half rest', 'half rest', 'half rest', 'half rest', 'half rest', 'half rest', 'half rest', 'half rest']",8
wav_C#EbCGBAAD130711992.wav,"['C#', 'Eb', 'C', 'G', 'B', 'A', 'A', 'D']",80,"['white', 'white', 'white']","['half rest', 'half rest', 'half rest', 'half rest', 'half rest', 'half rest', 'half rest', 'half rest']",8
wav_BBDFF#FEbF#1111256536.wav,"['B', 'B', 'D', 'F', 'F#', 'F', 'Eb', 'F#']",120,"['white', 'white', 'white']","['half rest', 'half rest', 'half rest', 'half rest', 'half rest', 'half rest', 'half rest', 'half rest']",8
wav_EDAAbBbGC#E429810714.wav,"['E', 'D', 'A', 'Ab', 'Bb', 'G', 'C#', 'E']",100,"['white', 'white', 'white']","['half rest', 'half rest', 'half rest', 'half rest', 'half rest', 'half rest', 'half rest', 'half rest']",8
wav_EEbFBbAbGCF#435108706.wav,"['E', 'Eb', 'F', 'Bb', 'Ab', 'G', 'C', 'F#']",140,"['white', 'white', 'white']","['half rest', 'half rest', 'half rest', 'half rest', 'half rest', 'half rest', 'half rest', 'half rest']",8
wav_AAAbDFEbEbC#99825331.wav,"['A', 'A', 'Ab', 'D', 'F', 'Eb', 'Eb', 'C#']",100,"['white', 'white', 'white']","['half rest', 'half rest', 'half rest', 'half rest', 'half rest', 'half rest', 'half rest', 'half rest']",8
wav_F#C#EbEGEbFF61347355.wav,"['F#', 'C#', 'Eb', 'E', 'G', 'Eb', 'F', 'F']",100,"['white', 'white', 'white']","['half rest', 'half rest', 'half rest', 'half rest', 'half rest', 'half rest', 'half rest', 'half rest']",8
wav_EbCFFC#CAAb30551098.wav,"['Eb', 'C', 'F', 'F', 'C#', 'C', 'A', 'Ab']",100,"['white', 'white', 'white']","['half rest', 'half rest', 'half rest', 'half rest', 'half rest', 'half rest', 'half rest', 'half rest']",8
wav_CF#GACDC#F06790215.wav,"['C', 'F#', 'G', 'A', 'C', 'D', 'C#', 'F']",120,"['white', 'white', 'white']","['half rest', 'half rest', 'half rest', 'half rest', 'half rest', 'half rest', 'half rest', 'half rest']",8
wav_FGEbC#CC#DA57310129.wav,"['F', 'G', 'Eb', 'C#', 'C', 'C#', 'D', 'A']",80,"['white', 'white', 'white']","['half rest', 'half rest', 'half rest', 'half rest', 'half rest', 'half rest', 'half rest', 'half rest']",8
wav_BCC#BbDC#EBb11011021410.wav,"['B', 'C', 'C#', 'Bb', 'D', 'C#', 'E', 'Bb']",120,"['white', 'white', 'white']","['half rest', 'half rest', 'half rest', 'half rest', 'half rest', 'half rest', 'half rest', 'half rest']",8
wav_CF#EEbGFBD064375112.wav,"['C', 'F#', 'E', 'Eb', 'G', 'F', 'B', 'D']",140,"['white', 'white', 'white']","['half rest', 'half rest', 'half rest', 'half rest', 'half rest', 'half rest', 'half rest', 'half rest']",8
wav_F#GACBbEDAb679010428.wav,"['F#', 'G', 'A', 'C', 'Bb', 'E', 'D', 'Ab']",140,"['white', 'white', 'white']","['half rest', 'half rest', 'half rest', 'half rest', 'half rest', 'half rest', 'half rest', 'half rest']",8
wav_C#DGC#AbF#AbBb127186810.wav,"['C#', 'D', 'G', 'C#', 'Ab', 'F#', 'Ab', 'Bb']",160,"['white', 'white', 'white']","['half rest', 'half rest', 'half rest', 'half rest', 'half rest', 'half rest', 'half rest', 'half rest']",8
wav_GEEBABF#C7441191160.wav,"['G', 'E', 'E', 'B', 'A', 'B', 'F#', 'C']",140,"['white', 'white', 'white']","['half rest', 'half rest', 'half rest', 'half rest', 'half rest', 'half rest', 'half rest', 'half rest']",8
wav_AbAbBEbDCGE881132074.wav,"['Ab', 'Ab', 'B', 'Eb', 'D', 'C', 'G', 'E']",160,"['white', 'white', 'white']","['half rest', 'half rest', 'half rest', 'half rest', 'half rest', 'half rest', 'half rest', 'half rest']",8
wav_DFCBAABbG2501199107.wav,"['D', 'F', 'C', 'B', 'A', 'A', 'Bb', 'G']",160,"['white', 'white', 'white']","['half rest', 'half rest', 'half rest', 'half rest', 'half rest', 'half rest', 'half rest', 'half rest']",8
wav_FBbF#F#EEBbC5106644100.wav,"['F', 'Bb', 'F#', 'F#', 'E', 'E', 'Bb', 'C']",160,"['white', 'white', 'white']","['half rest', 'half rest', 'half rest', 'half rest', 'half rest', 'half rest', 'half rest', 'half rest']",8
wav_BbFBAEbBbCEb10511931003.wav,"['Bb', 'F', 'B', 'A', 'Eb', 'Bb', 'C', 'Eb']",140,"['white', 'white', 'white']","['half rest', 'half rest', 'half rest', 'half rest', 'half rest', 'half rest', 'half rest', 'half rest']",8
wav_ABbBbEEAbGEb9101044873.wav,"['A', 'Bb', 'Bb', 'E', 'E', 'Ab', 'G', 'Eb']",160,"['white', 'white', 'white']","['half rest', 'half rest', 'half rest', 'half rest', 'half rest', 'half rest', 'half rest', 'half rest']",8
wav_DBF#GF#AbAbB2116768811.wav,"['D', 'B', 'F#', 'G', 'F#', 'Ab', 'Ab', 'B']",80,"['white', 'white', 'white']","['half rest', 'half rest', 'half rest', 'half rest', 'half rest', 'half rest', 'half rest', 'half rest']",8
wav_GAbBbF#EbBBB781063111111.wav,"['G', 'Ab', 'Bb', 'F#', 'Eb', 'B', 'B', 'B']",80,"['white', 'white', 'white']","['half rest', 'half rest', 'half rest', 'half rest', 'half rest', 'half rest', 'half rest', 'half rest']",8
wav_FADEbCC#EE59230144.wav,"['F', 'A', 'D', 'Eb', 'C', 'C#', 'E', 'E']",80,"['white', 'white', 'white']","['half rest', 'half rest', 'half rest', 'half rest', 'half rest', 'half rest', 'half rest', 'half rest']",8
wav_DBEBBAbGEF#211411118746.wav,"['D', 'B', 'E', 'B', 'B', 'Ab', 'G', 'E', 'F#']",120,"['white', 'white', 'white']","['half rest', 'half rest', 'half rest', 'half rest', 'half rest', 'half rest', 'half rest', 'half rest', 'half rest']",9
wav_AF#FAbAEAbCG965894807.wav,"['A', 'F#', 'F', 'Ab', 'A', 'E', 'Ab', 'C', 'G']",160,"['white', 'white', 'white']","['half rest', 'half rest', 'half rest', 'half rest', 'half rest', 'half rest', 'half rest', 'half rest', 'half rest']",9
wav_BF#FDDC#EbF#Eb1165221363.wav,"['B', 'F#', 'F', 'D', 'D', 'C#', 'Eb', 'F#', 'Eb']",140,"['white', 'white', 'white']","['half rest', 'half rest', 'half rest', 'half rest', 'half rest', 'half rest', 'half rest', 'half rest', 'half rest']",9
wav_F#AbBbEC#EAEF#6810414946.wav,"['F#', 'Ab', 'Bb', 'E', 'C#', 'E', 'A', 'E', 'F#']",160,"['white', 'white', 'white']","['half rest', 'half rest', 'half rest', 'half rest', 'half rest', 'half rest', 'half rest', 'half rest', 'half rest']",9
wav_C#GBbAbBAAbCAb17108119808.wav,"['C#', 'G', 'Bb', 'Ab', 'B', 'A', 'Ab', 'C', 'Ab']",140,"['white', 'white', 'white']","['half rest', 'half rest', 'half rest', 'half rest', 'half rest', 'half rest', 'half rest', 'half rest', 'half rest']",9
wav_F#CDEbEGCFB6023470511.wav,"['F#', 'C', 'D', 'Eb', 'E', 'G', 'C', 'F', 'B']",80,"['white', 'white', 'white']","['half rest', 'half rest', 'half rest', 'half rest', 'half rest', 'half rest', 'half rest', 'half rest', 'half rest']",9
wav_EbAC#C#AC#DC#B3911912111.wav,"['Eb', 'A', 'C#', 'C#', 'A', 'C#', 'D', 'C#', 'B']",100,"['white', 'white', 'white']","['half rest', 'half rest', 'half rest', 'half rest', 'half rest', 'half rest', 'half rest', 'half rest', 'half rest']",9
wav_C#EbF#FGDF#C#C#136572611.wav,"['C#', 'Eb', 'F#', 'F', 'G', 'D', 'F#', 'C#', 'C#']",160,"['white', 'white', 'white']","['half rest', 'half rest', 'half rest', 'half rest', 'half rest', 'half rest', 'half rest', 'half rest', 'half rest']",9
wav_BAbF#F#CFBbGBb118660510710.wav,"['B', 'Ab', 'F#', 'F#', 'C', 'F', 'Bb', 'G', 'Bb']",120,"['white', 'white', 'white']","['half rest', 'half rest', 'half rest', 'half rest', 'half rest', 'half rest', 'half rest', 'half rest', 'half rest']",9
wav_EbCGFFAF#DC#307559621.wav,"['Eb', 'C', 'G', 'F', 'F', 'A', 'F#', 'D', 'C#']",120,"['white', 'white', 'white']","['half rest', 'half rest', 'half rest', 'half rest', 'half rest', 'half rest', 'half rest', 'half rest', 'half rest']",9
wav_FBAbEbFEbAAbBb51183539810.wav,"['F', 'B', 'Ab', 'Eb', 'F', 'Eb', 'A', 'Ab', 'Bb']",140,"['white', 'white', 'white']","['half rest', 'half rest', 'half rest', 'half rest', 'half rest', 'half rest', 'half rest', 'half rest', 'half rest']",9
wav_EECF#AbGC#GEb440687173.wav,"['E', 'E', 'C', 'F#', 'Ab', 'G', 'C#', 'G', 'Eb']",160,"['white', 'white', 'white']","['half rest', 'half rest', 'half rest', 'half rest', 'half rest', 'half rest', 'half rest', 'half rest', 'half rest']",9
wav_DFC#BEFCAG2511145097.wav,"['D', 'F', 'C#', 'B', 'E', 'F', 'C', 'A', 'G']",80,"['white', 'white', 'white']","['half rest', 'half rest', 'half rest', 'half rest', 'half rest', 'half rest', 'half rest', 'half rest', 'half rest']",9
wav_AbEAbDBbF#GAbC8482106780.wav,"['Ab', 'E', 'Ab', 'D', 'Bb', 'F#', 'G', 'Ab', 'C']",160,"['white', 'white', 'white']","['half rest', 'half rest', 'half rest', 'half rest', 'half rest', 'half rest', 'half rest', 'half rest', 'half rest']",9
wav_EEbCC#GDDBbF4301722105.wav,"['E', 'Eb', 'C', 'C#', 'G', 'D', 'D', 'Bb', 'F']",80,"['white', 'white', 'white']","['half rest', 'half rest', 'half rest', 'half rest', 'half rest', 'half rest', 'half rest', 'half rest', 'half rest']",9
wav_AbDGGCF#BbF#Ab8277061068.wav,"['Ab', 'D', 'G', 'G', 'C', 'F#', 'Bb', 'F#', 'Ab']",100,"['white', 'white', 'white']","['half rest', 'half rest', 'half rest', 'half rest', 'half rest', 'half rest', 'half rest', 'half rest', 'half rest']",9
wav_BbDACEbCBBbD102903011102.wav,"['Bb', 'D', 'A', 'C', 'Eb', 'C', 'B', 'Bb', 'D']",140,"['white', 'white', 'white']","['half rest', 'half rest', 'half rest', 'half rest', 'half rest', 'half rest', 'half rest', 'half rest', 'half rest']",9
wav_FBbEbEEbCBBF510343011115.wav,"['F', 'Bb', 'Eb', 'E', 'Eb', 'C', 'B', 'B', 'F']",120,"['white', 'white', 'white']","['half rest', 'half rest', 'half rest', 'half rest', 'half rest', 'half rest', 'half rest', 'half rest', 'half rest']",9
wav_ABbEBbC#BbFDD910410110522.wav,"['A', 'Bb', 'E', 'Bb', 'C#', 'Bb', 'F', 'D', 'D']",120,"['white', 'white', 'white']","['half rest', 'half rest', 'half rest', 'half rest', 'half rest', 'half rest', 'half rest', 'half rest', 'half rest']",9
wav_BbGDADBbC#BE107292101114.wav,"['Bb', 'G', 'D', 'A', 'D', 'Bb', 'C#', 'B', 'E']",140,"['white', 'white', 'white']","['half rest', 'half rest', 'half rest', 'half rest', 'half rest', 'half rest', 'half rest', 'half rest', 'half rest']",9
wav_GFEbBbBbEbEAC75310103490.wav,"['G', 'F', 'Eb', 'Bb', 'Bb', 'Eb', 'E', 'A', 'C']",80,"['white', 'white', 'white']","['half rest', 'half rest', 'half rest', 'half rest', 'half rest', 'half rest', 'half rest', 'half rest', 'half rest']",9
wav_CAACF#BEFA0990611459.wav,"['C', 'A', 'A', 'C', 'F#', 'B', 'E', 'F', 'A']",100,"['white', 'white', 'white']","['half rest', 'half rest', 'half rest', 'half rest', 'half rest', 'half rest', 'half rest', 'half rest', 'half rest']",9
wav_GC#BGF#BEbEbE71117611334.wav,"['G', 'C#', 'B', 'G', 'F#', 'B', 'Eb', 'Eb', 'E']",100,"['white', 'white', 'white']","['half rest', 'half rest', 'half rest', 'half rest', 'half rest', 'half rest', 'half rest', 'half rest', 'half rest']",9
wav_CC#BAAbAbFEbA0111988539.wav,"['C', 'C#', 'B', 'A', 'Ab', 'Ab', 'F', 'Eb', 'A']",100,"['white', 'white', 'white']","['half rest', 'half rest', 'half rest', 'half rest', 'half rest', 'half rest', 'half rest', 'half rest', 'half rest']",9
wav_GFC#GC#BCEE7517111044.wav,"['G', 'F', 'C#', 'G', 'C#', 'B', 'C', 'E', 'E']",80,"['white', 'white', 'white']","['half rest', 'half rest', 'half rest', 'half rest', 'half rest', 'half rest', 'half rest', 'half rest', 'half rest']",9
wav_AbF#GC#EbGF#F#GG8671376677.wav,"['Ab', 'F#', 'G', 'C#', 'Eb', 'G', 'F#', 'F#', 'G', 'G']",100,"['white', 'white', 'white']","['half rest', 'half rest', 'half rest', 'half rest', 'half rest', 'half rest', 'half rest', 'half rest', 'half rest', 'half rest']",10
wav_GEFAbEbC#CF#FEb7458310653.wav,"['G', 'E', 'F', 'Ab', 'Eb', 'C#', 'C', 'F#', 'F', 'Eb']",100,"['white', 'white', 'white']","['half rest', 'half rest', 'half rest', 'half rest', 'half rest', 'half rest', 'half rest', 'half rest', 'half rest', 'half rest']",10
wav_AbFBAbBC#EbGGF#851181113776.wav,"['Ab', 'F', 'B', 'Ab', 'B', 'C#', 'Eb', 'G', 'G', 'F#']",100,"['white', 'white', 'white']","['half rest', 'half rest', 'half rest', 'half rest', 'half rest', 'half rest', 'half rest', 'half rest', 'half rest', 'half rest']",10
wav_BFEEECABbEbAb115444091038.wav,"['B', 'F', 'E', 'E', 'E', 'C', 'A', 'Bb', 'Eb', 'Ab']",120,"['white', 'white', 'white']","['half rest', 'half rest', 'half rest', 'half rest', 'half rest', 'half rest', 'half rest', 'half rest', 'half rest', 'half rest']",10
wav_BCCDAbBGFFF#110028117556.wav,"['B', 'C', 'C', 'D', 'Ab', 'B', 'G', 'F', 'F', 'F#']",100,"['white', 'white', 'white']","['half rest', 'half rest', 'half rest', 'half rest', 'half rest', 'half rest', 'half rest', 'half rest', 'half rest', 'half rest']",10
wav_DAbC#EbABbEAEBb281391049410.wav,"['D', 'Ab', 'C#', 'Eb', 'A', 'Bb', 'E', 'A', 'E', 'Bb']",160,"['white', 'white', 'white']","['half rest', 'half rest', 'half rest', 'half rest', 'half rest', 'half rest', 'half rest', 'half rest', 'half rest', 'half rest']",10
wav_F#C#F#F#AEbDBCB616693211011.wav,"['F#', 'C#', 'F#', 'F#', 'A', 'Eb', 'D', 'B', 'C', 'B']",140,"['white', 'white', 'white']","['half rest', 'half rest', 'half rest', 'half rest', 'half rest', 'half rest', 'half rest', 'half rest', 'half rest', 'half rest']",10
wav_FCACCAbBC#BbE509008111104.wav,"['F', 'C', 'A', 'C', 'C', 'Ab', 'B', 'C#', 'Bb', 'E']",120,"['white', 'white', 'white']","['half rest', 'half rest', 'half rest', 'half rest', 'half rest', 'half rest', 'half rest', 'half rest', 'half rest', 'half rest']",10
wav_EbEbCBC#EbAEbAE33011139394.wav,"['Eb', 'Eb', 'C', 'B', 'C#', 'Eb', 'A', 'Eb', 'A', 'E']",120,"['white', 'white', 'white']","['half rest', 'half rest', 'half rest', 'half rest', 'half rest', 'half rest', 'half rest', 'half rest', 'half rest', 'half rest']",10
wav_DEbAEbEAbEbBbAA23934831099.wav,"['D', 'Eb', 'A', 'Eb', 'E', 'Ab', 'Eb', 'Bb', 'A', 'A']",100,"['white', 'white', 'white']","['half rest', 'half rest', 'half rest', 'half rest', 'half rest', 'half rest', 'half rest', 'half rest', 'half rest', 'half rest']",10
wav_C#EAbCBbBbBGCF1480101011705.wav,"['C#', 'E', 'Ab', 'C', 'Bb', 'Bb', 'B', 'G', 'C', 'F']",80,"['white', 'white', 'white']","['half rest', 'half rest', 'half rest', 'half rest', 'half rest', 'half rest', 'half rest', 'half rest', 'half rest', 'half rest']",10
wav_F#GBBBbCEC#BC67111110041110.wav,"['F#', 'G', 'B', 'B', 'Bb', 'C', 'E', 'C#', 'B', 'C']",120,"['white', 'white', 'white']","['half rest', 'half rest', 'half rest', 'half rest', 'half rest', 'half rest', 'half rest', 'half rest', 'half rest', 'half rest']",10
wav_CAbGGCFAbEbEbAb0877058338.wav,"['C', 'Ab', 'G', 'G', 'C', 'F', 'Ab', 'Eb', 'Eb', 'Ab']",160,"['white', 'white', 'white']","['half rest', 'half rest', 'half rest', 'half rest', 'half rest', 'half rest', 'half rest', 'half rest', 'half rest', 'half rest']",10
wav_CAFF#GBCADC09567110920.wav,"['C', 'A', 'F', 'F#', 'G', 'B', 'C', 'A', 'D', 'C']",160,"['white', 'white', 'white']","['half rest', 'half rest', 'half rest', 'half rest', 'half rest', 'half rest', 'half rest', 'half rest', 'half rest', 'half rest']",10
wav_C#BEDGF#AbAbF#B111427688611.wav,"['C#', 'B', 'E', 'D', 'G', 'F#', 'Ab', 'Ab', 'F#', 'B']",120,"['white', 'white', 'white']","['half rest', 'half rest', 'half rest', 'half rest', 'half rest', 'half rest', 'half rest', 'half rest', 'half rest', 'half rest']",10
wav_BbDC#C#F#AF#BBbA1021169611109.wav,"['Bb', 'D', 'C#', 'C#', 'F#', 'A', 'F#', 'B', 'Bb', 'A']",140,"['white', 'white', 'white']","['half rest', 'half rest', 'half rest', 'half rest', 'half rest', 'half rest', 'half rest', 'half rest', 'half rest', 'half rest']",10
wav_FBDAC#EBbAbC#Eb511291410813.wav,"['F', 'B', 'D', 'A', 'C#', 'E', 'Bb', 'Ab', 'C#', 'Eb']",160,"['white', 'white', 'white']","['half rest', 'half rest', 'half rest', 'half rest', 'half rest', 'half rest', 'half rest', 'half rest', 'half rest', 'half rest']",10
wav_EbBbDADFFCEC#31029255041.wav,"['Eb', 'Bb', 'D', 'A', 'D', 'F', 'F', 'C', 'E', 'C#']",80,"['white', 'white', 'white']","['half rest', 'half rest', 'half rest', 'half rest', 'half rest', 'half rest', 'half rest', 'half rest', 'half rest', 'half rest']",10
wav_AC#AbBbF#GFDC#D91810675212.wav,"['A', 'C#', 'Ab', 'Bb', 'F#', 'G', 'F', 'D', 'C#', 'D']",140,"['white', 'white', 'white']","['half rest', 'half rest', 'half rest', 'half rest', 'half rest', 'half rest', 'half rest', 'half rest', 'half rest', 'half rest']",10
wav_BbDBbEDAGDAbC#102104297281.wav,"['Bb', 'D', 'Bb', 'E', 'D', 'A', 'G', 'D', 'Ab', 'C#']",160,"['white', 'white', 'white']","['half rest', 'half rest', 'half rest', 'half rest', 'half rest', 'half rest', 'half rest', 'half rest', 'half rest', 'half rest']",10
wav_EGF#GFF#DFBF47675625115.wav,"['E', 'G', 'F#', 'G', 'F', 'F#', 'D', 'F', 'B', 'F']",80,"['white', 'white', 'white']","['half rest', 'half rest', 'half rest', 'half rest', 'half rest', 'half rest', 'half rest', 'half rest', 'half rest', 'half rest']",10
wav_EBbEbBbFDC#EF#G410310521467.wav,"['E', 'Bb', 'Eb', 'Bb', 'F', 'D', 'C#', 'E', 'F#', 'G']",140,"['white', 'white', 'white']","['half rest', 'half rest', 'half rest', 'half rest', 'half rest', 'half rest', 'half rest', 'half rest', 'half rest', 'half rest']",10
wav_GAEbFAbDC#EDBb79358214210.wav,"['G', 'A', 'Eb', 'F', 'Ab', 'D', 'C#', 'E', 'D', 'Bb']",140,"['white', 'white', 'white']","['half rest', 'half rest', 'half rest', 'half rest', 'half rest', 'half rest', 'half rest', 'half rest', 'half rest', 'half rest']",10
wav_AF#BbFBEBbCAbD9610511410082.wav,"['A', 'F#', 'Bb', 'F', 'B', 'E', 'Bb', 'C', 'Ab', 'D']",80,"['white', 'white', 'white']","['half rest', 'half rest', 'half rest', 'half rest', 'half rest', 'half rest', 'half rest', 'half rest', 'half rest', 'half rest']",10
wav_AbCDDDCFGEE8022205744.wav,"['Ab', 'C', 'D', 'D', 'D', 'C', 'F', 'G', 'E', 'E']",80,"['white', 'white', 'white']","['half rest', 'half rest', 'half rest', 'half rest', 'half rest', 'half rest', 'half rest', 'half rest', 'half rest', 'half rest']",10
